{
  "quality": {
    "weather_quality": "DEFAULT",
    "leaves_quality": "DEFAULT",
    "enable_vignette": true
  },
  "advanced": {
    "arena_memory_allocator": "SWAP",
    "allow_direct_memory_access": true,
    "enable_memory_tracing": false,
    "use_advanced_staging_buffers": true,
    "cpu_render_ahead_limit": 4
  },
  "performance": {
    "chunk_builder_threads": 0,
    "always_defer_chunk_updates": false,
    "animate_only_visible_textures": true,
    "use_entity_culling": true,
    "use_particle_culling": true,
    "use_fog_occlusion": true,
    "use_block_face_culling": true
  },
  "notifications": {
    "hide_donation_button": false
  }
}